{
 "band": "o2",
 "n_members": 20,
 "final": {
  "reduced": 0.038253969084822446,
  "radiance": 0.00026724964998136273
 },
 "conformal_coverage_90": 0.9995,
 "kernel_flow": {
  "reduced": 0.16889087698282942,
  "radiance": 0.00044762219297820146
 }
}