{
 "members": [
  "mlp_s0_w1024_d4_n19000_mir",
  "mlpMSE_s0_w1024_d4_n19000_mir",
  "mlpR_s0_w1024_d4",
  "fnoPre_s0_w64_m14_L4_mir",
  "unetG_s0_w48_mir",
  "krr"
 ],
 "errors": {
  "mlp_s0_w1024_d4_n19000_mir": 0.048621415467533846,
  "mlpMSE_s0_w1024_d4_n19000_mir": 0.04705262273018131,
  "mlpR_s0_w1024_d4": 0.047283878468480325,
  "fnoPre_s0_w64_m14_L4_mir": 0.04704636886318675,
  "unetG_s0_w48_mir": 0.049876908128164754,
  "krr": 0.0519452160591139
 },
 "corr": [
  [
   1.0000000000000033,
   0.9516602374493288,
   0.9157109741082835,
   0.9284912122293661,
   0.8637685963111235,
   0.8377246728856792
  ],
  [
   0.9516602374493288,
   0.9999999999999958,
   0.943934253056209,
   0.9630846118809708,
   0.9057158554230349,
   0.8613739622751655
  ],
  [
   0.9157109741082835,
   0.943934253056209,
   1.0000000000000029,
   0.9215100817260177,
   0.865295199387545,
   0.8867262369611542
  ],
  [
   0.9284912122293661,
   0.9630846118809708,
   0.9215100817260177,
   1.0000000000000053,
   0.9071179261254227,
   0.8350550541980253
  ],
  [
   0.8637685963111235,
   0.9057158554230349,
   0.865295199387545,
   0.9071179261254227,
   0.999999999999995,
   0.7901060236231625
  ],
  [
   0.8377246728856792,
   0.8613739622751655,
   0.8867262369611542,
   0.8350550541980253,
   0.7901060236231625,
   0.9999999999999963
  ]
 ],
 "pair_avg": {
  "mlp_s0_w1024_d4_n19000_mir+mlpMSE_s0_w1024_d4_n19000_mir": 0.04726597890081312,
  "mlp_s0_w1024_d4_n19000_mir+mlpR_s0_w1024_d4": 0.046930645561570984,
  "mlp_s0_w1024_d4_n19000_mir+fnoPre_s0_w64_m14_L4_mir": 0.046973103377795276,
  "mlp_s0_w1024_d4_n19000_mir+unetG_s0_w48_mir": 0.047626376507825294,
  "mlp_s0_w1024_d4_n19000_mir+krr": 0.048201411774900484,
  "mlpMSE_s0_w1024_d4_n19000_mir+mlpR_s0_w1024_d4": 0.04648366314298173,
  "mlpMSE_s0_w1024_d4_n19000_mir+fnoPre_s0_w64_m14_L4_mir": 0.046616936772046154,
  "mlpMSE_s0_w1024_d4_n19000_mir+unetG_s0_w48_mir": 0.04726716448474303,
  "mlpMSE_s0_w1024_d4_n19000_mir+krr": 0.04776914138582174,
  "mlpR_s0_w1024_d4+fnoPre_s0_w64_m14_L4_mir": 0.04622492731148129,
  "mlpR_s0_w1024_d4+unetG_s0_w48_mir": 0.0468901815462324,
  "mlpR_s0_w1024_d4+krr": 0.04816272752468979,
  "fnoPre_s0_w64_m14_L4_mir+unetG_s0_w48_mir": 0.047245201456329995,
  "fnoPre_s0_w64_m14_L4_mir+krr": 0.047441054515537324,
  "unetG_s0_w48_mir+krr": 0.0481539989715715
 },
 "nsub": 5000
}