{
 "members": [
  "mlp_s0_w1024_d4_n19000_mir",
  "mlpR_s0_w1024_d4",
  "mlpR2_s0_w1024_d4",
  "krr"
 ],
 "errors": {
  "mlp_s0_w1024_d4_n19000_mir": 0.048621415467533846,
  "mlpR_s0_w1024_d4": 0.047283878468480325,
  "mlpR2_s0_w1024_d4": 0.04835841098517611,
  "krr": 0.0519452160591139
 },
 "corr": [
  [
   1.0000000000000033,
   0.9157109741082835,
   0.9267801982187028,
   0.8377246728856792
  ],
  [
   0.9157109741082835,
   1.0000000000000029,
   0.932853880081415,
   0.8867262369611542
  ],
  [
   0.9267801982187028,
   0.932853880081415,
   1.0000000000000082,
   0.8429346558188183
  ],
  [
   0.8377246728856792,
   0.8867262369611542,
   0.8429346558188183,
   0.9999999999999963
  ]
 ],
 "pair_avg": {
  "mlp_s0_w1024_d4_n19000_mir+mlpR_s0_w1024_d4": 0.046930645561570984,
  "mlp_s0_w1024_d4_n19000_mir+mlpR2_s0_w1024_d4": 0.04763783142860509,
  "mlp_s0_w1024_d4_n19000_mir+krr": 0.048201411774900484,
  "mlpR_s0_w1024_d4+mlpR2_s0_w1024_d4": 0.04701069981677504,
  "mlpR_s0_w1024_d4+krr": 0.04816272752468979,
  "mlpR2_s0_w1024_d4+krr": 0.04817588976857774
 },
 "nsub": 5000
}