{
 "members": [
  "mlp_s0_w1024_d4_n19000_mir",
  "mlpMSE_s0_w1024_d4_n19000_mir",
  "mlpR_s0_w1024_d4",
  "fnoPre_s0_w64_m14_L4_mir",
  "unetG_s0_w48_mir",
  "krr"
 ],
 "S": [
  [
   0.0027277905734682433,
   0.0025328705056778186,
   0.0024702569889487828,
   0.0024748564723722135,
   0.002450353136524226,
   0.002483905639570492
  ],
  [
   0.0025328705056778186,
   0.0025564091942200527,
   0.0024487364793284857,
   0.00247679206273916,
   0.002451713537147711,
   0.002461145898521026
  ],
  [
   0.0024702569889487828,
   0.0024487364793284857,
   0.002596479430162886,
   0.0024025507027488056,
   0.0023775597390178335,
   0.0025276006917261864
  ],
  [
   0.0024748564723722135,
   0.00247679206273916,
   0.0024025507027488056,
   0.0025490636332397205,
   0.002450391314063783,
   0.002400699604163166
  ],
  [
   0.002450353136524226,
   0.002451713537147711,
   0.0023775597390178335,
   0.002450391314063783,
   0.0028181520154371034,
   0.0023892518470308996
  ],
  [
   0.002483905639570492,
   0.002461145898521026,
   0.0025276006917261864,
   0.002400699604163166,
   0.0023892518470308996,
   0.003059950995095379
  ]
 ],
 "w": [
  0.0,
  0.12169318386351906,
  0.32859225667019515,
  0.37832821076810896,
  0.13332042817726125,
  0.03806592052091577
 ],
 "pred_rms_val": 0.049732514636609194,
 "real_val": 0.04642705014372019,
 "real_test": 0.04610424238415133
}