{
 "members": [
  "mlp_s0_w1024_d4_n19000_mir",
  "mlpR_s0_w1024_d4",
  "mlpR2_s0_w1024_d4",
  "krr"
 ],
 "S": [
  [
   0.0027277905734682433,
   0.0024702569889487828,
   0.002550143992374146,
   0.002483905639570492
  ],
  [
   0.0024702569889487828,
   0.002596479430162886,
   0.0024950248236889224,
   0.0025276006917261864
  ],
  [
   0.002550143992374146,
   0.0024950248236889224,
   0.0026865197203502387,
   0.0024863677608746504
  ],
  [
   0.002483905639570492,
   0.0025276006917261864,
   0.0024863677608746504,
   0.003059950995095379
  ]
 ],
 "w": [
  0.0,
  1.0,
  0.0,
  0.0
 ],
 "pred_rms_val": 0.05095566141424215,
 "real_val": 0.04762144669564411,
 "real_test": 0.047283878468480325
}