{
 "kind": "hybrid",
 "runs": [
  "hpix"
 ],
 "report": {
  "stack": {
   "val": 0.04571242889298472,
   "test": 0.04577110060011695
  },
  "plus_corr": {
   "val": 0.045615968232522064,
   "test": 0.04548535394452693,
   "smult": 1.0,
   "lam": 0.001
  },
  "final_stage": "plus_corr",
  "final_test": 0.04548535394452693
 },
 "ntrain": 19000
}