{
 "kind": "hybrid",
 "runs": [
  "mlp_s0_w1024_d4_n19000_mir",
  "mlpR_s0_w1024_d4",
  "krr"
 ],
 "report": {
  "members": {
   "mlp_s0_w1024_d4_n19000_mir": {
    "test": 0.048621415467533846
   },
   "mlpR_s0_w1024_d4": {
    "test": 0.047283878468480325
   },
   "krr": {
    "test": 0.0519452160591139
   }
  },
  "stack": {
   "val": 0.04719152738627138,
   "test": 0.04678527206607273
  },
  "weights": {
   "mlp_s0_w1024_d4_n19000_mir": 0.30109949943693215,
   "mlpR_s0_w1024_d4": 0.6316665193706462,
   "krr": 0.06723398119242158
  },
  "plus_corr": {
   "val": 0.04690746984612219,
   "test": 0.04656001972487203,
   "smult": 4.0,
   "lam": 1e-05
  },
  "final_stage": "plus_corr",
  "final_test": 0.04656001972487203
 },
 "ntrain": 19000
}