{
 "kind": "hybrid",
 "runs": [
  "mlp_s0_w1024_d4_n19000_mir",
  "mlpR_s0_w1024_d4",
  "mlpR2_s0_w1024_d4",
  "krr"
 ],
 "report": {
  "members": {
   "mlp_s0_w1024_d4_n19000_mir": {
    "test": 0.048621415467533846
   },
   "mlpR_s0_w1024_d4": {
    "test": 0.047283878468480325
   },
   "mlpR2_s0_w1024_d4": {
    "test": 0.04835841098517611
   },
   "krr": {
    "test": 0.0519452160591139
   }
  },
  "stack": {
   "val": 0.04711283047078153,
   "test": 0.04670858159519742
  },
  "weights": {
   "mlp_s0_w1024_d4_n19000_mir": 0.21629596084499236,
   "mlpR_s0_w1024_d4": 0.538271173044788,
   "mlpR2_s0_w1024_d4": 0.18312111912328266,
   "krr": 0.062311746986937006
  },
  "plus_corr": {
   "val": 0.046828116966762895,
   "test": 0.04647245928993984,
   "smult": 1.0,
   "lam": 0.001
  },
  "final_stage": "plus_corr",
  "final_test": 0.04647245928993984
 },
 "ntrain": 19000
}