{
 "kind": "hybrid",
 "runs": [
  "mlp_s0_w1024_d4_n19000_mir"
 ],
 "report": {
  "mlp_s0_w1024_d4_n19000_mir": {
   "test_tta": 0.04862141545944907,
   "val_tta": 0.04910093451605731
  },
  "mean_ens": {
   "val": 0.04910093451605731,
   "test": 0.04862141545944907
  },
  "plus_input_krr": {
   "smult": 4.0,
   "lam": 1e-05,
   "val": 0.046935639986256536,
   "test": 0.04662617134594618
  },
  "plus_feat_krr": {
   "smult": 4.0,
   "lam": 0.001,
   "val": 0.046888886208730385,
   "test": 0.04656616662840888
  },
  "plus_input_krr2": {
   "smult": 4.0,
   "lam": 0.001,
   "val": 0.04688829566786444,
   "test": 0.04656454510740126
  },
  "final_stage": "plus_input_krr2",
  "final_test": 0.04656454510740126
 },
 "ntrain": 19000
}