{
 "kind": "uq",
 "pearson": -0.2951871116340618,
 "spearman": -0.3140384419640961,
 "pearson_abs": 0.08021816902581179,
 "spearman_abs": 0.05888128821470321,
 "pearson_P_ynorm": 0.6495257708286143,
 "cover90": 0.9159,
 "scale90": 14172.1649222858,
 "norm_dir": 13946230264.499487,
 "norm_res": 51427768.278577104,
 "ratio": 271.18093456738563,
 "smult": 4.0,
 "lam": 1e-05,
 "med": 8.193651624044596,
 "nsub": 6000,
 "test_rel_l2_corrected": 0.04663121909363003
}