{
 "kind": "hybrid",
 "runs": [
  "mlpLD_s0_w1024_d4_n1000_mir"
 ],
 "report": {
  "mlpLD_s0_w1024_d4_n1000_mir": {
   "test_tta": 0.05644505100261388,
   "val_tta": 0.05688966796018795
  },
  "mean_ens": {
   "val": 0.05688966796018795,
   "test": 0.05644505100261388
  },
  "plus_input_krr": {
   "smult": 1.0,
   "lam": 0.001,
   "val": 0.054219765132620786,
   "test": 0.053764456170126325
  },
  "plus_feat_krr": {
   "smult": 4.0,
   "lam": 0.001,
   "val": 0.054260609051494976,
   "test": 0.05372110711807579
  },
  "plus_input_krr2": {
   "smult": 4.0,
   "lam": 0.001,
   "val": 0.05427356973901088,
   "test": 0.05371844335434189
  },
  "final_stage": "plus_input_krr",
  "final_test": 0.053764456170126325
 },
 "ntrain": 1000
}