{
 "kind": "krr",
 "args": {
  "ntrain": 0,
  "lowval": 0,
  "kernel": "matern52",
  "tag": "krr_full",
  "save_pred": 1,
  "smults": "1.0",
  "lams": "1e-6,1e-5"
 },
 "grid": [
  {
   "smult": 1.0,
   "lam": 1e-06,
   "val": 0.05210911337557135
  },
  {
   "smult": 1.0,
   "lam": 1e-05,
   "val": 0.05306937141081751
  }
 ],
 "best": {
  "smult": 1.0,
  "lam": 1e-06
 },
 "val": 0.05210911337557135,
 "test": 0.051945216064645285,
 "minutes": 4.407892088095347
}