{"mean": 0.011396436127489707, "cov": 0.01460939018678928}