{
 "kind": "mlp",
 "args": {
  "seed": 0,
  "epochs": 400,
  "width": 1024,
  "depth": 4,
  "batch": 256,
  "lr": 0.001,
  "wd": 1e-05,
  "mirror": 1,
  "ntrain": 0,
  "final": 0,
  "tag": "mlp"
 },
 "val": 0.050077538210512584,
 "test": 0.04967147490627154,
 "test_tta": 0.04862144406870548,
 "best_ep": 79,
 "minutes": 5.331630432605744
}