{
 "kind": "mlpR",
 "args": {
  "seed": 0,
  "epochs": 100,
  "width": 1024,
  "depth": 4,
  "batch": 256,
  "lr": 0.001,
  "wd": 1e-05,
  "threads": 4,
  "tag": "mlpR"
 },
 "val": 0.047621456417915146,
 "test": 0.047283878641843705,
 "test_notta": 0.04769796612392249,
 "best_ep": 99,
 "minutes": 14.383105782667796
}