{
 "members": [
  "mlpR_s0_w1024_d4",
  "fnoPre_s0_w64_m14_L4_mir",
  "unetG_s0_w48_mir",
  "krr"
 ],
 "mean_rel_member": 0.04679368264603727,
 "mean_rel_shared": 0.044293099129563716,
 "energy_member": 79357.45227008322,
 "energy_shared": 71547.34858971581,
 "energy_specific": 7810.1036803673915,
 "shared_energy_frac": 0.9015832356388321,
 "dct_bands": {
  "edges": [
   0,
   4,
   8,
   16,
   32,
   60
  ],
  "shared": [
   0.6879310725092551,
   0.15029554825783248,
   0.11369839909939734,
   0.039812804896732126,
   0.00826217523678304
  ],
  "specific": [
   0.5021057944797483,
   0.1744732097098163,
   0.12627433207873046,
   0.13395743702089982,
   0.06318922671080507
  ],
  "field": [
   0.9750055034837694,
   0.016470362055788706,
   0.005138612530930411,
   0.00250403989332789,
   0.0008814820361833454
  ]
 },
 "corr_sharednorm": {
  "output_norm": 0.014832924782720294,
  "load_norm": 0.013230696285246972,
  "load_roughness": 0.007328584797003964
 }
}